{
  "home": {
    "coefficients": [
      0.18571023094529987,
      0.004215839778501819,
      0.033893477329935355,
      0.030311731663221292,
      -0.04382825085252639,
      0.03343486849744008,
      0.008265209218872416,
      -0.2542900827452698,
      -0.055995725327173944,
      0.02981470509219065,
      -0.002663894504947941,
      -0.03733336897665988,
      -0.019314805501580556,
      0.028353309361298176,
      0.0,
      0.1713610904627973,
      -0.008501638302453486,
      -0.16764731502858402
    ],
    "intercept": 0.4011403045244799
  },
  "draw": {
    "coefficients": [
      -0.024114326962775528,
      -0.023235709653744285,
      0.013722087974189168,
      0.02221679951088285,
      0.0752232727513838,
      -0.03473560613321138,
      -0.04631690968303214,
      0.039008627142520125,
      0.005963312871816794,
      0.013410177711661626,
      0.04301537551736671,
      0.06273629582182857,
      0.0073099440667808175,
      -0.004604215077871704,
      0.0,
      -0.05156256010619964,
      0.0182282681333597,
      0.04528297402228092
    ],
    "intercept": -0.23546856233192695
  },
  "away": {
    "coefficients": [
      -0.1615959039825235,
      0.019019869875242634,
      -0.04761556530412542,
      -0.05252853117410091,
      -0.03139502189885931,
      0.0013007376357710339,
      0.038051700464158164,
      0.2152814556027534,
      0.05003241245535862,
      -0.04322488280385115,
      -0.04035148101242186,
      -0.025402926845171453,
      0.012004861434800512,
      -0.023749094283428765,
      0.0,
      -0.11979853035659555,
      -0.009726629830905676,
      0.12236434100629824
    ],
    "intercept": -0.1656717421925417
  },
  "classes": [
    "A",
    "D",
    "H"
  ],
  "feature_names": [
    "elo_diff",
    "ppg_diff",
    "goals_for_diff",
    "goals_against_diff",
    "form_5g_diff",
    "rest_days_diff",
    "home_advantage_diff",
    "xg_for_diff",
    "xg_against_diff",
    "possession_diff",
    "draw_tendency_diff",
    "travel_distance",
    "midweek_flag",
    "altitude_flag",
    "is_home",
    "poisson_home",
    "poisson_draw",
    "poisson_away"
  ]
}