{
  "home": {
    "coefficients": [
      0.12002878815882076,
      -0.29417326885069967,
      -0.1294483818161203,
      -0.1093367831662256,
      -0.12430782804443295,
      0.006112224740994896,
      0.037602777425640686,
      0.0018577450152846497,
      0.050179132117200986,
      0.02041392536883251,
      0.00337836966723633,
      0.0,
      0.0,
      -0.008958129518164567,
      0.030328100198636306,
      0.04758011982643467,
      -0.0014047707155549387,
      -0.05393855089125335,
      0.03453769216653333,
      -0.023605937367764594,
      -0.011322467475512544,
      0.0,
      0.0,
      0.0,
      0.0,
      0.0,
      0.0,
      0.0,
      0.136022480623031,
      -0.014062128122526824,
      -0.13151832346078599,
      0.136022480623031,
      -0.014062128122528222,
      -0.1315183234607864
    ],
    "intercept": 0.42708902999210774
  },
  "draw": {
    "coefficients": [
      0.032039002078903,
      0.2740629945595551,
      0.11192001774939916,
      0.10756053796303072,
      0.1583630333733212,
      -0.035458146415340154,
      0.004089931005793844,
      -0.010819949720845245,
      -0.041173998667358526,
      0.04895295504266397,
      0.03407509117981897,
      0.0,
      0.0,
      -0.2087676703893369,
      0.22563591603584676,
      -0.0145297507863878,
      0.015580715364059545,
      0.06000811514251744,
      -0.024612860119892083,
      0.0107953500513484,
      -0.03530143555097727,
      0.0,
      0.0,
      0.0,
      0.0,
      0.0,
      0.0,
      0.0,
      -0.11509614390707124,
      0.00984872463129196,
      0.11174816144908885,
      -0.11509614390707124,
      0.00984872463129196,
      0.11174816144908885
    ],
    "intercept": -0.2349979777179229
  },
  "away": {
    "coefficients": [
      -0.15206779023772546,
      0.020110274291141917,
      0.01752836406672084,
      0.0017762452031925787,
      -0.03405520532888914,
      0.02934592167434503,
      -0.041692708431437055,
      0.008962204705558561,
      -0.009005133449844712,
      -0.069366880411498,
      -0.037453460847053165,
      0.0,
      0.0,
      0.21772579990750304,
      -0.25596401623448295,
      -0.0330503690400445,
      -0.014175944648507334,
      -0.006069564251263062,
      -0.009924832046641014,
      0.012810587316416286,
      0.04662390302649355,
      0.0,
      0.0,
      0.0,
      0.0,
      0.0,
      0.0,
      0.0,
      -0.020926336715959136,
      0.004213403491235978,
      0.019770162011697526,
      -0.020926336715959136,
      0.004213403491235978,
      0.019770162011697526
    ],
    "intercept": -0.19209105227417836
  },
  "classes": [
    "A",
    "D",
    "H"
  ],
  "feature_names": [
    "elo_diff",
    "xg_for_diff",
    "xg_against_diff",
    "xg_diff",
    "xpts_diff",
    "ppg_diff",
    "possession_diff",
    "pass_pct_diff",
    "form_5g_xpts_diff",
    "overperformance_diff",
    "draw_tendency_diff",
    "is_home",
    "home_advantage_diff",
    "altitude_flag",
    "altitude_penalty",
    "turf_flag",
    "travel_distance_diff",
    "cross_country_flag",
    "rest_days_diff",
    "midweek_flag",
    "cup_congestion",
    "dp_impact_diff",
    "dp_available_diff",
    "roster_salary_diff",
    "conference_diff",
    "expansion_flag",
    "playoff_position_diff",
    "manager_tenure_diff",
    "vegas_home_prob",
    "vegas_draw_prob",
    "vegas_away_prob",
    "poisson_home",
    "poisson_draw",
    "poisson_away"
  ]
}