{
  "mean": [
    -1.0538912410210015,
    -0.024924133354053028,
    -0.024791418004702998,
    0.022211294501017265,
    -0.013352042588399237,
    0.0020597322348094747,
    -0.003165087355673249,
    -0.028456265002091367,
    0.02982523198179719,
    -0.09330649107536049,
    -0.0008954342123449687,
    0.29427446036144456,
    0.21009268795056643,
    0.06968760727772057,
    1.0,
    0.384905595487125,
    0.21884280814569593,
    0.39625001709602603
  ],
  "scale": [
    77.71867161057504,
    0.6982798234968822,
    0.758465538529699,
    0.7453443535491983,
    0.28696517127748195,
    2.673694030197772,
    0.40914234989283643,
    0.5484749010227916,
    0.5379404271314242,
    7.461386560146013,
    0.2176531063965873,
    0.20511921045292697,
    0.4073742142309357,
    0.25461980415833085,
    1.0,
    0.10031131406516204,
    0.02164503960416171,
    0.10124179958707591
  ],
  "feature_names": [
    "elo_diff",
    "ppg_diff",
    "goals_for_diff",
    "goals_against_diff",
    "form_5g_diff",
    "rest_days_diff",
    "home_advantage_diff",
    "xg_for_diff",
    "xg_against_diff",
    "possession_diff",
    "draw_tendency_diff",
    "travel_distance",
    "midweek_flag",
    "altitude_flag",
    "is_home",
    "poisson_home",
    "poisson_draw",
    "poisson_away"
  ]
}