{
  "mean": [
    -0.8010333076237759,
    -0.02581844732039316,
    0.01806975383616572,
    -0.04388820168273308,
    -0.14224352225594528,
    -0.019660267207799204,
    -0.07920867826066537,
    0.029393564356435642,
    -0.171905056978743,
    0.013840758184850118,
    -0.001308836200406695,
    1.0,
    0.17499999701976776,
    0.07095709570957096,
    0.003389434819801314,
    0.10973597359735973,
    0.25646707213785785,
    0.14892739273927394,
    -0.01278877887788779,
    0.22607260726072606,
    0.1254125412541254,
    0.0,
    0.0,
    0.0,
    0.0,
    0.0,
    0.0,
    0.0,
    0.3824378501427154,
    0.22498925483905444,
    0.3925728953133027,
    0.3824378501427154,
    0.22498925483905444,
    0.3925728953133027
  ],
  "std": [
    74.1545848413828,
    0.4488968315527397,
    0.44615148661638704,
    0.6795474154158928,
    2.078095546959811,
    0.5437132825999968,
    5.890435329390406,
    3.454350357109408,
    2.4794503011599307,
    3.7475681404781507,
    0.22149513240908708,
    1.0,
    1.0,
    0.25675316215781513,
    0.012329986342545547,
    0.31256037768085115,
    0.21384258402165351,
    0.3560168878454437,
    2.7141454681082315,
    0.4182867240387484,
    0.3311861044040142,
    1.0,
    1.0,
    1.0,
    1.0,
    1.0,
    1.0,
    1.0,
    0.08350467122841071,
    0.0190721847192481,
    0.08432612245424066,
    0.08350467122841071,
    0.0190721847192481,
    0.08432612245424066
  ],
  "feature_names": [
    "elo_diff",
    "xg_for_diff",
    "xg_against_diff",
    "xg_diff",
    "xpts_diff",
    "ppg_diff",
    "possession_diff",
    "pass_pct_diff",
    "form_5g_xpts_diff",
    "overperformance_diff",
    "draw_tendency_diff",
    "is_home",
    "home_advantage_diff",
    "altitude_flag",
    "altitude_penalty",
    "turf_flag",
    "travel_distance_diff",
    "cross_country_flag",
    "rest_days_diff",
    "midweek_flag",
    "cup_congestion",
    "dp_impact_diff",
    "dp_available_diff",
    "roster_salary_diff",
    "conference_diff",
    "expansion_flag",
    "playoff_position_diff",
    "manager_tenure_diff",
    "vegas_home_prob",
    "vegas_draw_prob",
    "vegas_away_prob",
    "poisson_home",
    "poisson_draw",
    "poisson_away"
  ]
}